"Net.Income","Class","Year","Cleaning.Supplies","Paper.Goods","Services","Total.Income","Gross.Profit","Payroll.Expenses","Total.Expense"
2204.37,1,2019,300,0,4200,4500,4500,2295.63,2295.63
2319.27,1,2019,600,0,5400,6000,6000,3680.73,3680.73
11401.12,2,2019,2518.75,0,23250,25768.75,25768.75,14367.63,14367.63
4670.37,3,2019,830,73.09,13355,14258.09,14258.09,9587.72,9587.72
21692.87,3,2019,1708.75,6041.57,30086.25,37836.57,37836.57,16143.7,16143.7
400,3,2019,75,0,325,400,400,0,0
1903.7,1,2019,300,0,2100,2400,2400,496.3,496.3
18297.36,3,2019,1170,0,33268.75,34438.75,34438.75,16141.39,16141.39
4834.81,1,2019,925,0,8745,9670,9670,4835.19,4835.19
4834.81,1,2019,925,0,8745,9670,9670,4835.19,4835.19
11514.84,2,2019,1800,0,17550,19350,19350,7835.16,7835.16
8439.57,1,2019,1550,0,31840,33390,33390,24950.43,24950.43
3895.52,1,2019,600,0,5400,6000,6000,2104.48,2104.48
300,2,2019,150,0,150,300,300,0,0
2250.97,1,2019,522,0,2862,3384,3384,1133.03,1133.03
1750,2,2019,1750,0,0,1750,1750,0,0
4067.06,4,2019,1028.56,0,11280,12308.56,12308.56,8241.5,8241.5
15814.42,1,2019,2100,0,26280,28380,28380,12565.58,12565.58
3990.9,1,2019,300,0,4800,5100,5100,1109.1,1109.1
21382.47,3,2019,2775,63.72,41285,44123.72,44123.72,22741.25,22741.25
703.75,2,2019,800,0,0,800,800,96.25,96.25
46720.35,2,2019,3150,8327.11,73025,84502.11,84502.11,37781.76,37781.76
5663.36,4,2019,3510.43,0,22249.41,25759.84,25759.84,20096.48,20096.48
23693.57,1,2019,0,0,49575,49575,49575,25481.43,25881.43
52569.99,2,2019,5580,32225.83,65220,103025.83,103025.83,50455.84,50455.84
20523.9,3,2019,2850,0,39900,42750,42750,22226.1,22226.1
3360.44,4,2019,600,0,9600,10200,10200,6839.56,6839.56
13661.32,3,2019,1364.06,4479.58,17475,23318.64,23318.64,9657.32,9657.32
37720.67,2,2019,3000,4112.82,45000,52112.82,52112.82,14392.15,14392.15
3610.94,1,2019,300,0,4800,5100,5100,1489.06,1489.06
13717.67,4,2019,2374,0,21900,24274,24274,10556.33,10556.33
2919.98,1,2019,660,0,5400,6060,6060,3140.02,3140.02
8807.73,1,2019,904,0,15476,16380,16380,7572.27,7572.27
18104.65,1,2019,3072,0,37428,40500,40500,22395.35,22395.35
3745.64,1,2019,630,381.99,3850,4861.99,4861.99,1116.35,1116.35
-3775.28,2,2019,0,0,0,0,0,3775.28,3775.28
4891.65,1,2019,0,0,6550,6550,6550,1658.35,1658.35
1019.67,4,2019,2400,0,24000,26400,26400,25660.33,25380.33
13991.26,3,2019,1306.25,4216.67,18300,23822.92,23822.92,9831.66,9831.66
2696.47,1,2019,360,0,3240,3600,3600,903.53,903.53
15087.09,3,2019,1855,331.48,34624.75,36811.23,36811.23,21724.14,21724.14
20267.73,1,2019,1380,3245.01,30500,35125.01,35125.01,14857.28,14857.28
3917.44,1,2019,1080,0,6300,7380,7380,3462.56,3462.56
3382.5,1,2019,300,0,5100,5400,5400,2017.5,2017.5
6023.7,1,2019,1560,0,12000,13560,13560,7536.3,7536.3
3949.8,1,2019,300,0,5580,5880,5880,1930.2,1930.2
3122.83,1,2019,300,0,4800,5100,5100,1977.17,1977.17
1112.02,1,2019,780,0,7080,7860,7860,6747.98,6747.98
3517.34,1,2019,300,0,4800,5100,5100,1582.66,1582.66
4422.25,2,2019,900,0,8700,9600,9600,5177.75,5177.75
1164.96,3,2019,0,0,2300,2300,2300,1135.04,1135.04
16947.94,2,2019,3760,0,26950,30710,30710,13762.06,13762.06
4480.65,2,2019,1500,0,3500,5000,5000,519.35,519.35
2356.78,1,2019,300,177.93,2400,2877.93,2877.93,521.15,521.15
6705.3,1,2019,1300,0,25600,26900,26900,20194.7,20194.7
500,2,2019,200,0,300,500,500,0,0
100,2,2019,15,0,85,100,100,0,0
36422.63,2,2019,5350,0,89700,95050,95050,58627.37,58627.37
5278.52,1,2019,480,640.89,6660,7780.89,7780.89,2502.37,2502.37
-14015.23,1,2019,0,0,0,0,0,14015.23,14015.23
18237.88,1,2019,2850,0,21750,24600,24600,6362.12,6362.12
11210.77,3,2019,975,3198.03,16200,20373.03,20373.03,9162.26,9162.26
20091.82,3,2019,2775,0,35375,38150,38150,18058.18,18058.18
16447.5,1,2019,1200,0,33600,34800,34800,18352.5,18352.5
1871.09,2,2019,1020,0,7200,8220,8220,6348.91,6348.91
137817.07,2,2019,12153,0,210768.63,222922.11,222922.11,85105.04,85105.04
8085.34,4,2019,2525,0,25500,28025,28025,19939.66,19939.66
3856.36,1,2019,600,0,5400,6000,6000,2143.64,2143.64
1364.25,1,2019,354.88,105,950,1409.88,1409.88,45.63,45.63
4560.75,1,2019,840,991.52,5280,7111.52,7111.52,2550.77,2550.77
15957.35,1,2019,1200,2065.97,20400,23665.97,23665.97,7708.62,7708.62
2592.88,1,2019,300,0,4800,5100,5100,2507.12,2507.12
3134.74,1,2019,300,0,4800,5100,5100,1965.26,1965.26
-4047.26,1,2019,0,0,0,0,0,4047.26,4047.26
17218.15,1,2019,1975,2448.07,40943.83,45366.9,45366.9,28148.75,28148.75
8346.32,1,2019,1159.68,2969.77,13020,17149.45,17149.45,8803.13,8803.13
3650.88,1,2019,600,0,5400,6000,6000,2349.12,2349.12
3111.32,2,2019,390,0,3142.5,3532.5,3532.5,421.18,421.18
9274.29,3,2019,407.88,0,15300,15707.88,15707.88,5998.59,6433.59
6006.88,1,2019,900,0,7500,8400,8400,2393.12,2393.12
-708.51,1,2019,0,0,0,0,0,708.51,708.51
541.59,1,2019,40,0,730,770,770,228.41,228.41
1108.77,1,2019,180,0,2200,2380,2380,1271.23,1271.23
1055.28,1,2019,170,0,2200,2370,2370,1314.72,1314.72
370.72,1,2019,100,0,1000,1100,1100,729.28,729.28
11430,1,2019,0,0,13920,13920,13920,2490,2490
13468.98,4,2019,25500,7999.49,0,33499.49,33499.49,20030.51,20030.51
8615.18,4,2019,10200,2076.06,0,12276.06,12276.06,3660.88,3660.88
50866.86,2,2019,13816,0,79900,93716,93716,38436.83,42849.14
621.02,2,2019,700,0,0,700,700,78.98,78.98
3181.62,1,2020,367.25,405.61,4567.25,5340.11,5340.11,2158.49,2158.49
546.69,1,2020,0,546.69,0,546.69,546.69,0,0
440.52,1,2020,440.52,0,0,440.52,440.52,0,0
4365.9,1,2020,600,589.92,5799.5,6989.42,6989.42,2623.52,2623.52
24962.87,2,2020,8110.19,239.82,37645,45995.01,45995.01,21032.14,21032.14
24962.87,2,2020,8110.19,239.82,37645,45995.01,45995.01,21032.14,21032.14
9394.17,3,2020,1788.41,129.42,16320,18237.83,18237.83,8843.66,8843.66
12683.44,3,2020,1120,3755.45,23019.7,27895.15,27895.15,15211.71,15211.71
7353.13,1,2020,2935.26,0,8400,11335.26,11335.26,3982.13,3982.13
3007.68,1,2020,3007.68,0,0,3007.68,3007.68,0,0
11851.3,3,2020,1190.25,0,25336.25,26526.5,26526.5,14675.2,14675.2
7333.65,1,2020,801.25,744.33,8761.25,10306.83,10306.83,2973.18,2973.18
7333.65,1,2020,801.25,744.33,8761.25,10306.83,10306.83,2973.18,2973.18
19420.05,2,2020,4238.47,0,23300,27538.47,27538.47,8118.42,8118.42
20878.15,1,2020,4366.26,0,43100,47466.26,47466.26,26588.11,26588.11
4221.83,1,2020,600,414.65,5950.5,6965.15,6965.15,2743.32,2743.32
71.04,1,2020,0,71.04,0,71.04,71.04,0,0
2823,1,2020,600,0,3300,3900,3900,1077,1077
4050.92,4,2020,1239.3,0,10105,11344.3,11344.3,7293.38,7293.38
67.87,1,2020,0,67.87,0,67.87,67.87,0,0
23276.35,1,2020,7911.93,1716.78,26280,35908.71,35908.71,12632.36,12632.36
3578.75,1,2020,268.75,0,3915,4183.75,4183.75,505,605
15663.83,3,2020,2053.75,0,32661.25,34715,34715,19051.17,19051.17
66772.78,2,2020,10946.7,4357.53,76817.2,92121.43,92121.43,25348.65,25348.65
979.86,4,2020,3532.7,0,22832.22,26364.92,26364.92,25385.06,25385.06
62804.05,2,2020,9986.19,21470.08,66292.5,97748.77,97748.77,34944.72,34944.72
17248.15,3,2020,2891.82,0,33943.88,36835.7,36835.7,19587.55,19587.55
2790.87,4,2020,625,0,9800,10425,10425,7634.13,7634.13
22432.64,3,2020,2563.1,4242.09,30650.45,37455.64,37455.64,15023,15023
41641.62,2,2020,3098.73,2279.89,45000,50378.62,50378.62,8737,8737
8342.72,1,2020,629.52,0,9812.25,10441.77,10441.77,2099.05,2099.05
16608.14,4,2020,2922.61,0,23400,26322.61,26322.61,9714.47,9714.47
5165.57,1,2020,600,95.43,6204,6899.43,6899.43,1733.86,1733.86
6000.48,1,2020,1042.8,0,10315,11357.8,11357.8,5357.32,5357.32
151.46,1,2020,151.46,0,0,151.46,151.46,0,0
330.51,1,2020,0,330.51,0,330.51,330.51,0,0
400.37,1,2020,0,400.37,0,400.37,400.37,0,0
2250,2,2020,200,0,2050,2250,2250,0,0
1080,2,2020,105,0,975,1080,1080,0,0
19494.88,1,2020,5174.01,0,37428,42602.01,42602.01,23107.13,23107.13
300,1,2020,75,0,225,300,300,0,0
1141.33,1,2020,160,177.33,1050,1387.33,1387.33,246,246
9218.46,1,2020,435.97,0,13912.95,14348.92,14348.92,5130.46,5130.46
14886.2,4,2020,13899.58,0,24000,37899.58,37899.58,23013.38,23013.38
2613.11,1,2020,35,0,3800,3835,3835,1221.89,1221.89
255.6,1,2020,255.6,0,0,255.6,255.6,0,0
17566.23,3,2020,1605,2468.17,28125,32198.17,32198.17,14631.94,14631.94
2792.46,1,2020,360,0,3240,3600,3600,807.54,807.54
215.17,1,2020,129.28,95.43,0,224.71,224.71,0,9.54
16451.24,3,2020,2853.36,121.12,31186.75,34161.23,34161.23,17709.99,17709.99
22400.79,1,2020,2423.66,1764.5,27514.1,31702.26,31702.26,9301.47,9301.47
12167.07,1,2020,1298.8,0,14851.5,16150.3,16150.3,3983.23,3983.23
9585.95,1,2020,549.07,0,12147,12696.07,12696.07,3110.12,3110.12
19384.79,1,2020,2586.57,0,26272,28858.57,28858.57,9473.78,9473.78
9200.27,1,2020,500,0,11757,12257,12257,3056.73,3056.73
9546.56,1,2020,568.8,0,12222,12790.8,12790.8,3244.24,3244.24
2092.35,1,2020,2001.32,0,7080,9081.32,9081.32,6988.97,6988.97
927.21,1,2020,83.75,0,1200,1283.75,1283.75,356.54,356.54
4042.5,2,2020,900,0,8700,9600,9600,5557.5,5557.5
198.6,1,2020,0,0,500,500,500,301.4,301.4
26620.78,2,2020,3321.97,0,41391,44712.97,44712.97,18092.19,18092.19
3493.89,2,2020,2461.89,0,1032,3493.89,3493.89,0,0
864.03,1,2020,87.5,61.28,900,1048.78,1048.78,184.75,184.75
19162.22,1,2020,1972.18,0,40150,42122.18,42122.18,22959.96,22959.96
87489.77,2,2020,9878.16,417.77,157390.24,167686.17,167686.17,80196.4,80196.4
713.25,2,2020,175,0,750,925,925,211.75,211.75
6090.46,1,2020,690,757.3,6639.75,8087.05,8087.05,1996.59,1996.59
-2234.79,1,2020,0,0,0,0,0,2234.79,2234.79
13436.66,1,2020,1520.04,0,17400,18920.04,18920.04,5483.38,5483.38
4868.75,1,2020,0,0,5000,5000,5000,131.25,131.25
16492.74,3,2020,4382.77,0,28375,32757.77,32757.77,16265.03,16265.03
1215.97,4,2020,247.22,0,1490,1737.22,1737.22,521.25,521.25
17516.86,1,2020,1346.95,0,33600,34946.95,34946.95,17430.09,17430.09
7677.44,2,2020,1186.94,0,15521,16707.94,16707.94,9030.5,9030.5
223677.94,2,2020,25835.33,0,349903.75,375739.08,375739.08,152061.14,152061.14
1611.53,2,2020,1429.7,0,181.83,1611.53,1611.53,0,0
12730.44,4,2020,4101.45,0,32360,36461.45,36461.45,23731.01,23731.01
-233.51,4,2020,0,0,0,0,0,233.51,233.51
4555.03,1,2020,600,404.73,6057.5,7062.23,7062.23,2507.2,2507.2
280,1,2020,80,0,200,280,280,0,0
5029.56,1,2020,1447.75,220.57,6000,7668.32,7668.32,2638.76,2638.76
4831.22,1,2020,601.46,512.78,6050,7164.24,7164.24,2333.02,2333.02
48636.98,1,2020,4717.67,0,68282.82,73000.49,73000.49,24363.51,24363.51
2783.04,1,2020,300,114.64,4800,5214.64,5214.64,2431.6,2431.6
8437.47,1,2020,475,0,10807,11282,11282,2844.53,2844.53
-5242.97,1,2020,0,0,0,0,0,5242.97,5242.97
22765.77,1,2020,2936.46,947.67,31819.09,35703.22,35703.22,12937.45,12937.45
11151.03,1,2020,1320,1567.54,14700,17587.54,17587.54,6436.51,6436.51
4983.66,1,2020,650,409.58,6557.5,7617.08,7617.08,2633.42,2633.42
850,2,2020,400,0,465,865,865,15,15
3639.21,2,2020,357.5,0,3575,3932.5,3932.5,293.29,293.29
25496.18,3,2020,5902.16,0,35978.53,41880.69,41880.69,16384.51,16384.51
298,1,2020,165,0,175,340,340,42,42
8044.77,1,2020,950,482.44,8885.5,10317.94,10317.94,2273.17,2273.17
11082.25,1,2020,0,0,13920,13920,13920,2837.75,2837.75
13027.48,4,2020,25750,6204.51,350,32304.51,32304.51,19277.03,19277.03
9020.27,4,2020,10200,2373.52,0,12573.52,12573.52,3553.25,3553.25
64902.68,2,2020,15499.49,0,122084.5,137583.99,137583.99,62107.86,72681.31
3580.1,1,2021,300,520.68,4360,5180.68,5180.68,1600.58,1600.58
401.23,1,2021,0,401.23,0,401.23,401.23,0,0
4703,1,2021,600,371.3,5600,6571.3,6571.3,1868.3,1868.3
20521.68,2,2021,4088.43,455.55,36068.91,40612.89,40612.89,20091.21,20091.21
13377.49,3,2021,1946.95,88.93,32749.5,34785.38,34785.38,21407.89,21407.89
28618.16,3,2021,1827.87,4882.88,38029.04,44739.79,44739.79,15542.75,16121.63
4230,1,2021,1200,0,8400,9600,9600,5370,5370
11556.03,3,2021,1692.75,63.78,32481.25,34237.78,34237.78,22681.75,22681.75
9640.24,1,2021,1125,2321,12125,15571,15571,5930.76,5930.76
9640.24,1,2021,1125,2321,12125,15571,15571,5930.76,5930.76
4981,2,2021,700,0,6825,7525,7525,2544,2544
20085.47,1,2021,2400,0,44100,46500,46500,26414.53,26414.53
366,1,2021,0,0,406,406,406,0,40
4367.66,1,2021,600,230.7,5500,6330.7,6330.7,1963.04,1963.04
3772.64,1,2021,280,796.66,4544,5620.66,5620.66,1848.02,1848.02
108.73,1,2021,0,278.93,0,278.93,278.93,170.2,170.2
803.75,1,2021,0,0,837.5,837.5,837.5,33.75,33.75
-33.75,1,2021,0,0,0,0,0,33.75,33.75
2550.37,1,2021,600,0,3300,3900,3900,1349.63,1349.63
600,1,2021,0,0,600,600,600,0,0
4469.36,4,2021,900,0,11280,12180,12180,7610.64,7710.64
-373.63,1,2021,0,0,0,0,0,373.63,373.63
17284.49,1,2021,2130,2506.59,26730,31366.59,31366.59,14082.1,14082.1
2372.37,1,2021,300,0,2815,3115,3115,742.63,742.63
15322.19,3,2021,2488.75,0,39688.75,42177.5,42177.5,26855.31,26855.31
60927.91,2,2021,3900,5880.12,76500,86280.12,86280.12,25352.21,25352.21
905.03,4,2021,3346.44,293.6,22200,25840.04,25840.04,24750.01,24935.01
57524.39,2,2021,5575.6,21643.5,65600,92819.1,92819.1,35294.71,35294.71
2086.12,2,2021,0,0,6087.5,6087.5,6087.5,4001.38,4001.38
18173.75,3,2021,3150,0,44041.5,47191.5,47191.5,29017.75,29017.75
3013.87,4,2021,600,0,9600,10200,10200,7106.13,7186.13
26414.95,3,2021,1790,5817.33,38353,45960.33,45960.33,19545.38,19545.38
40076.89,2,2021,3000,3432.18,45000,51432.18,51432.18,11355.29,11355.29
7018.73,1,2021,300,0,8463.75,8763.75,8763.75,1745.02,1745.02
200,1,2021,0,0,200,200,200,0,0
16088.75,4,2021,3000,0,23400,26400,26400,10116.25,10311.25
3506.16,1,2021,600,374.55,5400,6374.55,6374.55,2868.39,2868.39
4765.4,1,2021,912,0,14773,15685,15685,10919.6,10919.6
561.19,1,2021,0,561.19,0,561.19,561.19,0,0
403.39,1,2021,0,403.39,0,403.39,403.39,0,0
300,1,2021,0,0,300,300,300,0,0
900,1,2021,100,0,800,900,900,0,0
14880.47,1,2021,3072,0,37428,40500,40500,25619.53,25619.53
-5836.4,1,2021,0,0,0,0,0,5836.4,5836.4
6737.91,1,2021,151.46,0,10730,10881.46,10881.46,4143.55,4143.55
3929.19,4,2021,3278.18,544.1,24000,27822.28,27822.28,24057.01,23893.09
137.6,1,2021,137.6,0,0,137.6,137.6,0,0
14528.81,3,2021,1760,0,35960,37720,37720,22636.19,23191.19
2796.39,1,2021,360,0,3240,3600,3600,803.61,803.61
68.8,1,2021,68.8,0,0,68.8,68.8,0,0
13812.43,3,2021,2110.5,224.27,37250.75,39585.52,39585.52,25659.29,25773.09
17002.55,1,2021,1122.5,1515.07,24817.5,27455.07,27455.07,10452.52,10452.52
9759.85,1,2021,1080,0,11005,12085,12085,2325.15,2325.15
6693.35,1,2021,300,17.66,9175,9492.66,9492.66,2799.31,2799.31
13517.65,1,2021,1560,0,23325,24885,24885,11367.35,11367.35
6070.8,1,2021,300,0,9140,9440,9440,3369.2,3369.2
7096.1,1,2021,300,0,9010,9310,9310,2213.9,2213.9
699.54,1,2021,890,88.7,8015,8993.7,8993.7,8294.16,8294.16
1437.69,1,2021,245,0,1820,2065,2065,627.31,627.31
4209.56,2,2021,900,0,8700,9600,9600,5390.44,5390.44
979.64,1,2021,0,0,2240,2240,2240,1260.36,1260.36
380,1,2021,0,0,380,380,380,0,0
23813.1,2,2021,3167.85,0,38760,41927.85,41927.85,18114.75,18114.75
14349.62,1,2021,1800,0,41700,43500,43500,29150.38,29150.38
67405.31,2,2021,5851.62,70.4,135863.5,141785.52,141785.52,74380.21,74380.21
5908.36,1,2021,720,476.91,7020,8216.91,8216.91,2308.55,2308.55
11276.75,1,2021,800,0,17400,18200,18200,6923.25,6923.25
19553.37,3,2021,3115,0,37400.75,40515.75,40515.75,20962.38,20962.38
15158.39,1,2021,1200,0,0,1200,1200,18586.61,-13958.39
75,1,2021,0,75,0,75,75,0,0
7954.48,2,2021,1069.98,0,19100,20169.98,20169.98,12215.5,12215.5
183865.67,2,2021,15569.18,0,298926.88,314496.06,314496.06,130630.39,130630.39
13689.05,4,2021,2736,0,37093.5,39829.5,39829.5,25840.45,26140.45
4735.8,1,2021,600,555.65,5525,6680.65,6680.65,1944.85,1944.85
3897.46,1,2021,1020,328.28,6000,7348.28,7348.28,3450.82,3450.82
4060.67,1,2021,630,415.19,7068,8113.19,8113.19,4052.52,4052.52
75342.78,1,2021,5500,0,180771.66,186271.66,186271.66,120463.73,110928.88
6522.94,1,2021,300,0,8535,8835,8835,2312.06,2312.06
-5708.85,1,2021,0,0,0,0,0,5708.85,5708.85
10196.3,1,2021,1500,1236.56,21967.5,24704.06,24704.06,14507.76,14507.76
11571.26,1,2021,1320,1172,14700,17192,17192,5620.74,5620.74
3399.49,1,2021,600,637.1,5550,6787.1,6787.1,3387.61,3387.61
752.5,1,2021,0,0,752.5,752.5,752.5,0,0
200,1,2021,0,0,310,310,310,60,110
52130.96,3,2021,8461.01,0,85334.4,93795.41,93795.41,38169.45,41664.45
5941.15,1,2021,948,738.19,7700,9386.19,9386.19,3445.04,3445.04
10787.31,1,2021,0,0,13920,13920,13920,3132.69,3132.69
11953.03,4,2021,25500,5371.12,0,30871.12,30871.12,18918.09,18918.09
10168.56,4,2021,10200,2637.77,0,12837.77,12837.77,2669.21,2669.21
54061.34,2,2021,13340.8,0,110008,123348.8,123348.8,65407.76,69287.46
1734.25,3,2021,500,0,9672,10172,10172,8437.75,8437.75
1582.85,1,2023,300,440.63,4200,4940.63,4940.63,3357.78,3357.78
463.98,1,2023,67.07,396.91,0,463.98,463.98,0,0
3262.27,1,2023,600,522.36,5400,6522.36,6522.36,3260.09,3260.09
15111.8,2,2023,1670.29,145.2,36000,37815.49,37815.49,20723.69,22703.69
11955.75,3,2023,1760,0,32902.5,34662.5,34662.5,22706.75,22706.75
27322.95,3,2023,1633,6440.18,32206.27,40279.45,40279.45,12956.5,12956.5
4344,1,2023,1200,0,8400,9600,9600,5256,5256
10983.49,3,2023,1762.5,0,32877,34639.5,34639.5,23656.01,23656.01
6915.79,1,2023,1020,4459.93,13962.5,19442.43,19442.43,12526.64,12526.64
9791.48,1,2023,2400,0,35100,37500,37500,27708.52,27708.52
716,2,2023,0,0,1062.5,1062.5,1062.5,346.5,346.5
4144.28,1,2023,600,528.19,5400,6528.19,6528.19,2383.91,2383.91
7351.83,1,2023,485,1941.36,8520,10946.36,10946.36,3594.53,3594.53
2605,1,2023,600,0,3300,3900,3900,1295,1295
904.5,2,2023,0,0,1350,1350,1350,445.5,445.5
3350.25,4,2023,900,0,11280,12180,12180,8829.75,8829.75
772.98,4,2023,104.98,0,810,914.98,914.98,142,142
13638.27,1,2023,2100,1680.53,26280,30060.53,30060.53,16422.26,16422.26
2589.5,1,2023,287.5,0,2850,3137.5,3137.5,548,548
18094.9,3,2023,2502.5,0,40727.4,43229.9,43229.9,25135,25135
525,1,2023,100,0,425,525,525,0,0
800,1,2023,100,0,700,800,800,0,0
53045.53,2,2023,4015,6310.53,76495,86820.53,86820.53,33775,33775
1200,1,2023,100,0,1100,1200,1200,0,0
1526.69,4,2023,3346.44,0,22200,25546.44,25546.44,24019.75,24019.75
56364.84,2,2023,5580,26030.34,67720,99330.34,99330.34,42965.5,42965.5
780.75,2,2023,0,0,5775,5775,5775,4994.25,4994.25
88,1,2023,50,0,200,250,250,142,162
21499.48,3,2023,3132.49,0,45504.25,48636.74,48636.74,27137.26,27137.26
2710.5,4,2023,600,0,9600,10200,10200,7489.5,7489.5
27077.51,3,2023,2087.5,8812.26,38389,49288.76,49288.76,22211.25,22211.25
39948.89,2,2023,3000,3906.39,45000,51906.39,51906.39,11957.5,11957.5
87.8,1,2023,0,0,87.8,87.8,87.8,0,0
5410.5,1,2023,300,0,6865,7165,7165,1654.5,1754.5
16595.12,4,2023,3000,0,23400,26400,26400,9804.88,9804.88
4165.83,1,2023,600,238.83,5500,6338.83,6338.83,2173,2173
75,1,2023,0,0,75,75,75,0,0
1713.17,1,2023,960,0,15058.8,16018.8,16018.8,13790.63,14305.63
390.51,1,2023,0,390.51,0,390.51,390.51,0,0
300.13,1,2023,0,300.13,0,300.13,300.13,0,0
323,3,2023,0,0,700,700,700,377,377
13409.68,1,2023,3072,0,37428,40500,40500,27090.32,27090.32
1126.6,1,2023,522.36,0,4400,4922.36,4922.36,3795.76,3795.76
1921,1,2023,0,0,5975,5975,5975,4054,4054
1391.74,4,2023,2400,0,24400,26800,26800,25961,25408.26
235,1,2023,35,0,200,235,235,0,0
12287.76,3,2023,1700,0,35201,36901,36901,23500.38,24613.24
583,2,2023,450,0,275,725,725,142,142
300,2,2023,0,0,300,300,300,0,0
2851.47,1,2023,359.97,0,3315,3674.97,3674.97,823.5,823.5
11931.57,3,2023,1903,326.47,34956.35,37185.82,37185.82,25254.25,25254.25
13500.59,1,2023,900,2250.98,19200,22350.98,22350.98,8850.39,8850.39
7061.22,1,2023,1080,0,8335,9415,9415,2353.78,2353.78
3739,1,2023,300,0,7045,7345,7345,3606,3606
19310.53,1,2023,1614.98,328.01,29000,30942.99,30942.99,11632.46,11632.46
4425.71,1,2023,300,0,7615,7915,7915,3489.29,3489.29
5156.09,1,2023,291,0,7130,7421,7421,2264.91,2264.91
937.37,1,2023,900,0,8100,9000,9000,8062.63,8062.63
1598.38,1,2023,300,0,2400,2700,2700,1101.62,1101.62
2880.75,2,2023,900,0,8700,9600,9600,6719.25,6719.25
98,3,2023,0,0,280,280,280,182,182
770.37,3,2023,0,0,2100,2100,2100,1329.63,1329.63
275,3,2023,0,0,275,275,275,0,0
20275.35,2,2023,3000,0,31650,34650,34650,14374.65,14374.65
7204.4,1,2023,1799.4,0,32700,34499.4,34499.4,27295,27295
62757.32,2,2023,5330.49,170.88,155626.49,161127.86,161127.86,98370.54,98370.54
5259.71,1,2023,660,607.71,6435,7702.71,7702.71,2443,2443
-14300.75,1,2023,0,0,0,0,0,14300.75,14300.75
11434.28,1,2023,900.03,0,17400,18300.03,18300.03,6865.75,6865.75
3512.1,1,2023,0,234.6,5502.5,5737.1,5737.1,2225,2225
19020.65,3,2023,2950.5,293.9,38352,41596.4,41596.4,22575.75,22575.75
15078.12,1,2023,1200,130,0,1330,1330,19451.88,-13748.12
14470.45,2,2023,935,0,30401.7,31336.7,31336.7,16866.25,16866.25
149855.83,2,2023,12000,0,256413.5,268413.5,268413.5,118557.67,118557.67
14717.88,4,2023,2755,99.01,37500,40354.01,40354.01,25636.13,25636.13
4291.52,1,2023,600,599.42,5400,6599.42,6599.42,2307.9,2307.9
6329.83,1,2023,1020,1150.78,7300,9470.78,9470.78,3140.95,3140.95
8929.16,1,2023,955,691.66,12585,14231.66,14231.66,5152.5,5302.5
61669.74,1,2023,5500,0,138644.97,144144.97,144144.97,86782,82475.23
4589.67,1,2023,300,0,6625,6925,6925,2335.33,2335.33
-6414.89,1,2023,0,0,0,0,0,6414.89,6414.89
21252.38,1,2023,2812.5,2044.67,41635,46492.17,46492.17,25239.79,25239.79
9004.89,1,2023,1320,1977.55,14700,17997.55,17997.55,8992.66,8992.66
3630.97,1,2023,600,358.29,5400,6358.29,6358.29,2727.32,2727.32
1271,1,2023,0,0,1327.5,1327.5,1327.5,56.5,56.5
23801.6,3,2023,750,0,46758.85,47508.85,47508.85,20657.25,23707.25
6330.4,1,2023,900,707.01,7500,9107.01,9107.01,2776.61,2776.61
210.84,1,2023,0,0,273.34,273.34,273.34,62.5,62.5
11193,1,2023,0,0,13920,13920,13920,2727,2727
12314.95,4,2023,25500,5647.66,0,31147.66,31147.66,18832.71,18832.71
8974.41,4,2023,10200,1647.69,100,11947.69,11947.69,2973.28,2973.28
67403.64,2,2023,13422.94,0,116965,130387.94,130387.94,60793.88,62984.3
12427.29,3,2023,1913.54,0,34409,36322.54,36322.54,23895.25,23895.25
1582.85,1,2022,300,440.63,4200,4940.63,4940.63,3357.78,3357.78
463.98,1,2022,67.07,396.91,0,463.98,463.98,0,0
3262.27,1,2022,600,522.36,5400,6522.36,6522.36,3260.09,3260.09
15111.8,2,2022,1670.29,145.2,36000,37815.49,37815.49,20723.69,22703.69
11955.75,3,2022,1760,0,32902.5,34662.5,34662.5,22706.75,22706.75
27322.95,3,2022,1633,6440.18,32206.27,40279.45,40279.45,12956.5,12956.5
4344,1,2022,1200,0,8400,9600,9600,5256,5256
10983.49,3,2022,1762.5,0,32877,34639.5,34639.5,23656.01,23656.01
6915.79,1,2022,1020,4459.93,13962.5,19442.43,19442.43,12526.64,12526.64
9791.48,1,2022,2400,0,35100,37500,37500,27708.52,27708.52
716,2,2022,0,0,1062.5,1062.5,1062.5,346.5,346.5
4144.28,1,2022,600,528.19,5400,6528.19,6528.19,2383.91,2383.91
7351.83,1,2022,485,1941.36,8520,10946.36,10946.36,3594.53,3594.53
2605,1,2022,600,0,3300,3900,3900,1295,1295
904.5,2,2022,0,0,1350,1350,1350,445.5,445.5
3350.25,4,2022,900,0,11280,12180,12180,8829.75,8829.75
772.98,4,2022,104.98,0,810,914.98,914.98,142,142
13638.27,1,2022,2100,1680.53,26280,30060.53,30060.53,16422.26,16422.26
2589.5,1,2022,287.5,0,2850,3137.5,3137.5,548,548
18094.9,3,2022,2502.5,0,40727.4,43229.9,43229.9,25135,25135
525,1,2022,100,0,425,525,525,0,0
800,1,2022,100,0,700,800,800,0,0
53045.53,2,2022,4015,6310.53,76495,86820.53,86820.53,33775,33775
1200,1,2022,100,0,1100,1200,1200,0,0
1526.69,4,2022,3346.44,0,22200,25546.44,25546.44,24019.75,24019.75
56364.84,2,2022,5580,26030.34,67720,99330.34,99330.34,42965.5,42965.5
780.75,2,2022,0,0,5775,5775,5775,4994.25,4994.25
88,1,2022,50,0,200,250,250,142,162
21499.48,3,2022,3132.49,0,45504.25,48636.74,48636.74,27137.26,27137.26
2710.5,4,2022,600,0,9600,10200,10200,7489.5,7489.5
27077.51,1,2022,2087.5,8812.26,38389,49288.76,49288.76,22211.25,22211.25
39948.89,2,2022,3000,3906.39,45000,51906.39,51906.39,11957.5,11957.5
87.8,1,2022,0,0,87.8,87.8,87.8,0,0
5410.5,1,2022,300,0,6865,7165,7165,1654.5,1754.5
16595.12,4,2022,3000,0,23400,26400,26400,9804.88,9804.88
4165.83,1,2022,600,238.83,5500,6338.83,6338.83,2173,2173
75,1,2022,0,0,75,75,75,0,0
1713.17,1,2022,960,0,15058.8,16018.8,16018.8,13790.63,14305.63
390.51,1,2022,0,390.51,0,390.51,390.51,0,0
300.13,1,2022,0,300.13,0,300.13,300.13,0,0
323,3,2022,0,0,700,700,700,377,377
13409.68,1,2022,3072,0,37428,40500,40500,27090.32,27090.32
1126.6,1,2022,522.36,0,4400,4922.36,4922.36,3795.76,3795.76
1921,1,2022,0,0,5975,5975,5975,4054,4054
1391.74,4,2022,2400,0,24400,26800,26800,25961,25408.26
235,1,2022,35,0,200,235,235,0,0
12287.76,3,2022,1700,0,35201,36901,36901,23500.38,24613.24
583,2,2022,450,0,275,725,725,142,142
300,2,2022,0,0,300,300,300,0,0
2851.47,1,2022,359.97,0,3315,3674.97,3674.97,823.5,823.5
11931.57,3,2022,1903,326.47,34956.35,37185.82,37185.82,25254.25,25254.25
13500.59,1,2022,900,2250.98,19200,22350.98,22350.98,8850.39,8850.39
7061.22,1,2022,1080,0,8335,9415,9415,2353.78,2353.78
3739,1,2022,300,0,7045,7345,7345,3606,3606
19310.53,1,2022,1614.98,328.01,29000,30942.99,30942.99,11632.46,11632.46
4425.71,1,2022,300,0,7615,7915,7915,3489.29,3489.29
5156.09,1,2022,291,0,7130,7421,7421,2264.91,2264.91
937.37,1,2022,900,0,8100,9000,9000,8062.63,8062.63
1598.38,1,2022,300,0,2400,2700,2700,1101.62,1101.62
2880.75,2,2022,900,0,8700,9600,9600,6719.25,6719.25
98,1,2022,0,0,280,280,280,182,182
770.37,3,2022,0,0,2100,2100,2100,1329.63,1329.63
275,3,2022,0,0,275,275,275,0,0
20275.35,2,2022,3000,0,31650,34650,34650,14374.65,14374.65
7204.4,1,2022,1799.4,0,32700,34499.4,34499.4,27295,27295
62757.32,2,2022,5330.49,170.88,155626.49,161127.86,161127.86,98370.54,98370.54
5259.71,1,2022,660,607.71,6435,7702.71,7702.71,2443,2443
-14300.75,1,2022,0,0,0,0,0,14300.75,14300.75
11434.28,1,2022,900.03,0,17400,18300.03,18300.03,6865.75,6865.75
3512.1,1,2022,0,234.6,5502.5,5737.1,5737.1,2225,2225
19020.65,3,2022,2950.5,293.9,38352,41596.4,41596.4,22575.75,22575.75
15078.12,1,2022,1200,130,0,1330,1330,19451.88,-13748.12
80,1,2022,0,80,0,80,80,0,0
14470.45,2,2022,935,0,30401.7,31336.7,31336.7,16866.25,16866.25
149855.83,2,2022,12000,0,256413.5,268413.5,268413.5,118557.67,118557.67
14717.88,4,2022,2755,99.01,37500,40354.01,40354.01,25636.13,25636.13
4291.52,1,2022,600,599.42,5400,6599.42,6599.42,2307.9,2307.9
6329.83,1,2022,1020,1150.78,7300,9470.78,9470.78,3140.95,3140.95
8929.16,1,2022,955,691.66,12585,14231.66,14231.66,5152.5,5302.5
61669.74,1,2022,5500,0,138644.97,144144.97,144144.97,86782,82475.23
4589.67,1,2022,300,0,6625,6925,6925,2335.33,2335.33
-6414.89,1,2022,0,0,0,0,0,6414.89,6414.89
21252.38,1,2022,2812.5,2044.67,41635,46492.17,46492.17,25239.79,25239.79
9004.89,1,2022,1320,1977.55,14700,17997.55,17997.55,8992.66,8992.66
3630.97,1,2022,600,358.29,5400,6358.29,6358.29,2727.32,2727.32
1271,1,2022,0,0,1327.5,1327.5,1327.5,56.5,56.5
23801.6,3,2022,750,0,46758.85,47508.85,47508.85,20657.25,23707.25
6330.4,1,2022,900,707.01,7500,9107.01,9107.01,2776.61,2776.61
210.84,1,2022,0,0,273.34,273.34,273.34,62.5,62.5
11193,1,2022,0,0,13920,13920,13920,2727,2727
12314.95,4,2022,25500,5647.66,0,31147.66,31147.66,18832.71,18832.71
8974.41,4,2022,10200,1647.69,100,11947.69,11947.69,2973.28,2973.28
67403.64,2,2022,13422.94,0,116965,130387.94,130387.94,60793.88,62984.3
12427.29,3,2022,1913.54,0,34409,36322.54,36322.54,23895.25,23895.25
